Jennifer;Jones;Marketing;60000;10262021
Jennifer2;Jones;Marketing;60000;10262021
Jennifer3;Jones;Marketing;60000;10262021
Jennifer;Jones;Marketing;60000;10262021
Jennifer2;Jones;Marketing;60000;10262021
Jennifer3;Jones;Marketing;60000;10262021
Jennifer;Jones;Marketing;60000;10262021
Jennifer2;Jones;Marketing;60000;10262021
Jennifer3;Jones;Marketing;60000;10262021
Jennifer;Jones;Marketing;60000;10262021
Jennifer2;Jones;Marketing;60000;10262021
Jennifer3;Jones;Marketing;60000;10262021
Jennifer;Jones;Marketing;60000;10262021
Jennifer2;Jones;Marketing;60000;10262021
Jennifer3;Jones;Marketing;60000;10262021
Jennifer;Jones;Marketing;60000;10262021
Jennifer2;Jones;Marketing;60000;10262021
Jennifer3;Jones;Marketing;60000;10262021
Jennifer;Jones;Marketing;60000;10262021
Jennifer2;Jones;Marketing;60000;10262021
Jennifer3;Jones;Marketing;60000;10262021
